{
    "results": {
        "GPT-2 Small (124M)": 29.529861966833543,
        "Mamba (130M)": 10029.351827552384,
        "MOGT (130M)": 203.9357794438234
    }
}