{
    "parameter_counts": [
        10000000.0,
        30000000.0,
        70000000.0,
        130000000.0
    ],
    "losses": [
        10.86688232421875,
        10.889813232421876,
        10.91927490234375,
        10.9584228515625
    ]
}