{
    "lengths": [
        1024,
        2048,
        4096,
        8192,
        16384,
        32768,
        65536,
        128000
    ],
    "mogt_times_ms": [
        [
            1024,
            0.1403212547302246
        ],
        [
            2048,
            0.25969743728637695
        ],
        [
            4096,
            0.51422119140625
        ],
        [
            8192,
            1.0289192199707031
        ],
        [
            16384,
            2.0707249641418457
        ],
        [
            32768,
            7.576644420623779
        ],
        [
            65536,
            15.160191059112549
        ],
        [
            128000,
            29.644405841827393
        ]
    ],
    "attn_times_ms": [
        [
            1024,
            0.1400589942932129
        ],
        [
            2048,
            0.21164417266845703
        ],
        [
            4096,
            0.7695317268371582
        ],
        [
            8192,
            3.3562541007995605
        ],
        [
            16384,
            13.59626054763794
        ],
        [
            32768,
            53.34190130233765
        ],
        [
            65536,
            210.03507375717163
        ],
        [
            128000,
            803.6081314086914
        ]
    ],
    "attn_oom_idx": -1
}