{
  "created_at": "2026-05-03T09:49:10.756842+00:00",
  "status": "ok",
  "model_type": "mogt",
  "params": 1049472,
  "config": {
    "model_type": "mogt",
    "device": "cuda",
    "dtype": "bf16",
    "seed": 42,
    "vocab_size": 4096,
    "d_model": 128,
    "num_layers": 2,
    "rank": 16,
    "num_heads": 4,
    "scan_impl": "triton_hybrid",
    "connection_impl": "cayley",
    "scan_block_size": 256,
    "gradient_checkpointing": false,
    "train_context": 512,
    "eval_contexts": [
      512,
      1024
    ],
    "eval_depths": [
      0.5
    ],
    "train_min_depth": 0.05,
    "train_max_depth": 0.95,
    "num_pairs": 4,
    "batch_size": 2,
    "steps": 2,
    "eval_batches": 2,
    "lr": 0.0003,
    "weight_decay": 0.1,
    "grad_clip": 1.0,
    "log_every": 20,
    "output": "benchmark_runs/synthetic_recall_mogt_smoke.json"
  },
  "train_trace": [
    {
      "step": 1,
      "loss": 8.197853088378906,
      "accuracy": 0.0,
      "depth": 0.6254841186120954,
      "grad_norm": 132.76246643066406
    },
    {
      "step": 2,
      "loss": 8.047245979309082,
      "accuracy": 0.0,
      "depth": 0.6590295386806202,
      "grad_norm": 105.4260025024414
    }
  ],
  "eval_results": [
    {
      "context_length": 512,
      "depth": 0.5,
      "loss": 8.565429210662842,
      "accuracy": 0.0,
      "examples": 4,
      "elapsed_s": 0.014744488998985616
    },
    {
      "context_length": 1024,
      "depth": 0.5,
      "loss": 8.489185810089111,
      "accuracy": 0.0,
      "examples": 4,
      "elapsed_s": 0.016044570998928975
    }
  ],
  "train_elapsed_s": 1.9143400969987852,
  "peak_memory_mb": 59.94140625
}
