{
    "lengths": [
        16384,
        32768
    ],
    "batch_size": 1,
    "d_model": 768,
    "rank": 16,
    "device": "cuda",
    "warmup": 5,
    "iters": 20,
    "results_ms": {
        "affine_sequential_ms": [
            [
                16384,
                1064.6269798278809
            ],
            [
                32768,
                2150.761616230011
            ]
        ],
        "affine_parallel_ref_ms": [
            [
                16384,
                34.17532444000244
            ],
            [
                32768,
                75.86668729782104
            ]
        ],
        "affine_block_ref_ms": [
            [
                16384,
                1197.381031513214
            ],
            [
                32768,
                2410.3135228157043
            ]
        ],
        "affine_triton_hybrid_ms": [
            [
                16384,
                5.341923236846924
            ],
            [
                32768,
                10.223352909088135
            ]
        ],
        "transport_only_triton_ms": [
            [
                16384,
                4.244041442871094
            ],
            [
                32768,
                8.691716194152832
            ]
        ],
        "attention_ms": [
            [
                16384,
                6.97934627532959
            ],
            [
                32768,
                27.42246389389038
            ]
        ]
    },
    "attn_oom_idx": -1
}